<?xml version="1.0" encoding="UTF-8"?>

<beans  xmlns="http://www.springframework.org/schema/beans"
xmlns:ctx="http://www.springframework.org/schema/context"
xmlns:xsi="http://www.w3.org/2001/XMLSchema-instance"
xmlns:mvc="http://www.springframework.org/schema/mvc"
xmlns:tx="http://www.springframework.org/schema/tx"
 xmlns:webflow-config="http://www.springframework.org/schema/webflow-config"
 xmlns:security="http://www.springframework.org/schema/security" 
 xsi:schemaLocation="http://www.springframework.org/schema/beans
http://www.springframework.org/schema/beans/spring-beans-2.5.xsd
http://www.springframework.org/schema/mvc
http://www.springframework.org/schema/mvc/spring-mvc-3.0.xsd
 

http://www.springframework.org/schema/context 
http://www.springframework.org/schema/context/spring-context-2.5.xsd
http://www.springframework.org/schema/util
 http://www.springframework.org/schema/util/spring-util-2.0.xsd
http://www.springframework.org/schema/tx 
http://www.springframework.org/schema/tx/spring-tx-2.5.xsd
http://www.springframework.org/schema/security
http://www.springframework.org/schema/security/spring-security.xsd
  http://www.springframework.org/schema/webflow-config
   http://www.springframework.org/schema/webflow-config/spring-webflow-config.xsd
">
<bean id="Product"  class ="com.model.Product"></bean>
<!-- <bean class="com.dao.ProductDaoImpl"></bean> -->
 
<ctx:component-scan base-package="com"></ctx:component-scan>
<!-- <ctx:component-scan base-package="com.model.Product"></ctx:component-scan>   -->
<ctx:annotation-config></ctx:annotation-config>

 <mvc:annotation-driven>

 <mvc:argument-resolvers>
            <bean class="org.springframework.security.web.bind.support.AuthenticationPrincipalArgumentResolver" />
        </mvc:argument-resolvers>
        </mvc:annotation-driven>
<bean id="myDataSource" class="org.springframework.jdbc.datasource.DriverManagerDataSource" >
<property name="driverClassName" value="com.mysql.jdbc.Driver"></property>
<property name="url" value="jdbc:mysql://localhost:3306/music"></property>
<property name="username" value="karandeep"></property>
<property name="password" value="diljitsingh98@"></property>






</bean>









<bean id="sessionFactory" class="org.springframework.orm.hibernate5.LocalSessionFactoryBean">
<property name="dataSource" ref="myDataSource" />
<property name="packagesToScan" value="com" />

<property name="hibernateProperties">
<props>
<prop key="hibernate.dialect">org.hibernate.dialect.MySQL8Dialect</prop>
<prop key="hibernate.show_sql">true</prop>
<prop key="hibernate.hbm2ddl.auto"> update</prop>
<prop key="hibernate.format_sql">true</prop>


</props>
</property>  

</bean>
<!-- <bean id="myTransactionManager" class="org.springframework.orm.hibernate5.HibernateTransactionManager">
<property name="sessionFactory" ref="sessionFactory" />
</bean>  -->
<!-- <bean class="org.springframework.orm.hibernate5.HibernateTransactionManager" id="transactionManager">

<property name="sessionFactory" ref="sessionFactory"/>

</bean> -->


<!-- <bean class="org.springframework.orm.hibernate5.HibernateTransactionManager" id="TransactionManager">

<property name="sessionFactory" ref="sessionFactory"/>

</bean>

<tx:annotation-driven proxy-target-class="true" transaction-manager="TransactionManager"/> -->


<!-- <tx:annotation-driven transaction-manager="transactionManager" ></tx:annotation-driven>  -->

 <bean id="transactionManager" class="org.springframework.orm.hibernate5.HibernateTransactionManager">
        <property name="sessionFactory" ref="sessionFactory" />
    </bean>
<bean class="org.springframework.web.multipart.commons.CommonsMultipartResolver" id="multipartResolver">

<property value="1024000" name="maxUploadSize"/>

</bean>
  <security:http auto-config="true" use-expressions="true">

<security:intercept-url access = "hasRole('ROLE_ADMIN')" pattern="/admin/**"/>
   <security:intercept-url pattern="/customer/**" access="hasAnyRole('ROLE_USER')" />
 <security:form-login
     login-processing-url="/j_spring_security_check"
            login-page="/login"
            default-target-url="/"
            authentication-failure-url="/login?error"
            username-parameter="username"
            password-parameter="password" />
        <security:logout
        logout-url="/j_spring_security_logout"
            logout-success-url="/login?logout" /> 
            <security:csrf disabled="true"/> 

</security:http> 
 
 
 
<!--  <security:http auto-config="true" use-expressions="true">
        <security:intercept-url pattern="/admin**" access="hasRole('ROLE_ADMIN')"  />
        <security:form-login 
            login-page="/login" 
            default-target-url="/admin" 
            authentication-failure-url="/login?error" 
            username-parameter="username"
            password-parameter="password" />
        <security:logout logout-success-url="/login?logout" />
        enable csrf protection
        <security:csrf/>
    </security:http> -->



<security:authentication-manager>
 

<security:authentication-provider >

 <security:password-encoder ref="passwordEncoder"/>

 <security:jdbc-user-service data-source-ref="myDataSource"
                                        authorities-by-username-query="SELECT username, authority From authorities WHERE username = ?"
                                        users-by-username-query="SELECT username, password, enabled FROM users WHERE username = ?" />
</security:authentication-provider>

</security:authentication-manager>
<webflow-config:flow-executor id="flowExecutor" flow-registry="flowRegistry" />

    <webflow-config:flow-registry id="flowRegistry" base-path="/WEB-INF/flows">
        <webflow-config:flow-location path="/checkout/checkout-flow.xml" id="checkout" />
    </webflow-config:flow-registry>

    <bean id="flowHandlerMapping" class="org.springframework.webflow.mvc.servlet.FlowHandlerMapping">
        <property name="flowRegistry" ref="flowRegistry" />
    </bean>

    <bean id="flowHandlerAdapter" class="org.springframework.webflow.mvc.servlet.FlowHandlerAdapter">
        <property name="flowExecutor" ref="flowExecutor" />
    </bean>
  <bean id="passwordEncoder"
          class="org.springframework.security.crypto.password.NoOpPasswordEncoder" factory-method="getInstance"/>
</beans>