<?xml version="1.0" encoding="UTF-8"?>
<faces-config
   xmlns = "http://java.sun.com/xml/ns/javaee"
   xmlns:xsi = "http://www.w3.org/2001/XMLSchema-instance"
   xsi:schemaLocation = "http://java.sun.com/xml/ns/javaee 
   http://java.sun.com/xml/ns/javaee/web-facesconfig_2_0.xsd"
   version = "2.0"> 
   
   <application>
     <el-resolver>
        org.springframework.web.jsf.el.SpringBeanFacesELResolver
    </el-resolver>
   </application>
   
   <managed-bean>
<managed-bean-name>Product</managed-bean-name>
<managed-bean-class>com.model.Product</managed-bean-class>
<managed-bean-scope>session</managed-bean-scope>
</managed-bean>
   
   
   
   </faces-config>